{"cameraMode":{"drawMode":0,"name":"Shaded","section":"Shading Mode"},"sceneLighting":false,"audioPlay":false,"sceneViewState":{"showFog":true,"showMaterialUpdate":false,"showSkybox":true,"showFlares":true,"showImageEffects":true,"showParticleSystems":true},"in2DMode":false,"pivot":{"x":19.81728744506836,"y":32.86100387573242,"z":-78.03860473632813},"rotation":{"x":-0.058762822300195697,"y":0.021558508276939393,"z":-0.001267429906874895,"w":-0.9980525970458984},"size":10.0,"orthographic":false}